"","BGM1","BGM2","BGM3","CCM1","CCM2","CCM3","MAM1","MAM2","MAM3","PCM1","PCM2","PCM3","RBM1","RBM2","RBM3","SIM1","SIM2","SIM3"
"DUP_1",19836,20162,24570,472,486,20814,21422,0,15151,19256,15660,31107,28134,36713,27019,3703,10515,11602
"DUP_7",0,0,2460,0,2086,1701,0,4012,4119,0,2420,0,3754,3413,6803,15196,15441,16476
"DUP_2",9380,14899,4428,28408,2169,13658,145,5,0,0,0,0,868,2200,2,100,426,18
"DUP_9",12851,11893,15063,0,0,10062,0,0,0,3910,4901,2898,267,0,3,141,0,0
"DUP_8",0,0,0,0,0,0,0,43679,0,0,0,0,1,0,0,0,1,0
"DUP_12",0,0,33,0,41506,0,0,0,0,0,505,0,0,0,0,0,0,0
"DUP_20",0,0,0,0,0,0,28323,0,2,0,0,0,0,0,1,0,0,0
"DUP_26",0,0,0,0,0,0,0,0,0,0,0,0,0,0,0,13484,4722,6288
"DUP_17",0,0,0,0,0,31,0,0,0,9112,12762,22,0,0,0,0,0,0
"DUP_29",0,0,0,0,0,0,298,168,10547,0,0,0,0,0,0,2378,6513,1837
"DUP_11",30,0,0,3183,0,9,0,0,0,1308,1175,1437,7932,1,61,0,829,4406
"DUP_10",0,9,51,148,0,7,0,0,0,4810,3228,8005,1057,315,1144,526,0,0
"DUP_14",801,1639,239,5666,0,0,0,0,0,694,1910,0,0,0,0,3405,0,2044
"DUP_34",5574,0,81,2106,0,0,0,0,0,0,0,0,0,0,0,0,2604,2563
"DUP_25",0,0,0,0,0,0,0,462,2133,914,4281,21,0,4430,158,0,0,0
"DUP_18",46,18,0,0,0,0,0,0,0,0,0,0,54,54,9766,0,0,0
"DUP_41",1,0,0,4270,0,0,1,0,0,175,237,98,2367,1310,590,0,0,0
"DUP_46",1,0,0,0,0,0,0,0,7207,0,0,0,0,88,16,0,0,0
"DUP_40",0,0,953,0,0,0,0,0,0,0,0,0,0,1,1105,4915,0,0
"DUP_33",1,0,0,0,1195,0,0,0,0,360,203,389,0,157,2069,41,1298,976
"DUP_32",0,0,0,0,0,0,0,0,0,6322,0,0,0,0,0,0,0,0
"DUP_44",0,0,0,0,0,0,0,0,0,1374,501,3246,0,0,0,165,0,121
"DUP_97",0,0,0,0,0,0,0,0,5238,0,0,0,0,0,0,0,0,0
"DUP_89",0,0,0,0,2203,0,0,0,3018,0,0,0,0,0,0,0,0,0
"DUP_65",0,0,0,1897,0,314,0,11,836,0,77,2,0,0,1,727,178,0
"DUP_70",0,0,0,0,0,0,0,0,0,0,0,0,0,0,15,2988,749,0
"DUP_21",0,0,3,0,0,2516,0,0,170,881,0,0,0,0,0,0,0,0
"DUP_69",357,0,59,0,1,1259,0,0,0,0,10,27,580,334,0,0,0,0
"DUP_132",0,0,0,2224,0,0,0,0,0,0,0,0,239,54,10,0,0,11
"DUP_78",0,0,0,0,0,0,0,0,0,0,0,0,0,0,0,0,2530,0
"DUP_83",0,0,0,0,0,0,0,0,0,0,0,0,2209,0,0,0,0,294
"DUP_37",0,0,4,0,0,0,0,2212,10,0,0,0,0,0,0,0,0,0
"DUP_101",0,11,0,0,0,0,0,0,0,0,0,0,0,0,0,240,1950,1
"DUP_84",0,0,0,0,0,14,0,0,0,0,0,0,0,0,0,0,0,1934
"DUP_166",0,0,1652,0,0,106,0,0,0,0,0,0,0,0,0,0,0,0
"DUP_24",0,1,8,0,1,3,0,0,0,57,195,504,475,221,244,0,0,18
"DUP_168",11,1637,14,0,0,0,0,0,0,0,0,0,0,0,0,0,0,0
"DUP_57",0,0,0,0,0,0,0,0,0,217,875,285,76,151,37,0,0,0
"DUP_49",6,38,0,4,20,0,0,0,102,6,0,0,224,590,329,89,2,75
"DUP_15",0,0,0,1437,33,0,0,0,0,0,0,0,0,0,0,0,0,0
"DUP_128",0,0,77,0,0,112,0,57,233,0,142,0,1,129,54,170,167,180
"DUP_68",133,72,0,0,0,60,0,0,17,1,48,106,707,68,65,0,0,0
"DUP_121",57,89,55,222,0,0,0,0,0,32,213,0,0,0,0,337,0,212
"DUP_22",0,0,18,0,0,0,0,0,1,0,0,966,0,0,12,109,0,0
"DUP_165",0,0,52,0,0,76,0,31,175,0,112,0,0,92,53,136,176,143
"DUP_39",666,121,27,0,0,63,0,0,0,0,0,2,0,0,0,0,0,0
"DUP_290",810,0,0,0,0,0,0,0,0,0,0,0,0,0,0,0,0,0
"DUP_351",0,0,0,0,793,0,0,0,0,0,0,0,0,0,0,0,0,0
"DUP_282",0,0,0,0,0,0,0,0,0,0,0,0,0,0,0,0,767,0
"DUP_358",0,0,714,0,0,0,0,9,0,0,0,0,0,0,0,0,0,0
"DUP_138",1,0,0,0,0,0,0,0,0,0,0,0,0,0,542,0,0,0
"DUP_404",0,0,0,0,0,0,509,0,0,0,0,0,0,0,0,0,0,0
"DUP_175",0,0,0,0,0,0,0,0,0,36,78,367,0,0,0,1,0,21
"DUP_532",0,0,0,0,0,0,0,0,0,0,0,0,422,0,0,0,0,76
"DUP_269",0,0,0,0,0,0,0,0,0,0,0,0,0,0,0,0,484,0
"DUP_116",0,0,0,0,0,0,0,0,0,480,0,0,0,0,0,0,0,0
"DUP_149",0,0,0,1,0,0,0,0,479,0,0,0,0,0,0,0,0,0
"DUP_277",0,0,0,0,0,0,0,0,0,0,0,0,0,0,0,0,478,0
"DUP_135",0,0,0,0,0,0,0,0,0,107,91,274,0,0,0,0,0,0
"DUP_454",0,0,0,0,0,0,0,0,0,0,0,0,0,0,0,264,0,190
"DUP_373",0,0,0,0,0,0,0,0,21,0,0,0,0,19,0,13,308,88
"DUP_522",0,0,0,0,0,0,0,0,0,0,0,0,436,0,0,0,0,0
"DUP_445",45,0,0,0,0,0,0,0,2,0,0,0,0,0,0,381,4,0
"DUP_201",0,0,0,263,0,0,0,0,0,0,163,0,0,0,0,0,0,0
"DUP_171",0,0,0,0,0,0,0,0,61,43,128,2,0,179,11,0,0,0
"DUP_72",0,0,0,0,0,0,0,0,0,8,0,359,0,0,0,0,3,0
"DUP_456",0,0,182,5,157,1,0,10,0,10,1,0,0,0,0,0,0,0
"DUP_229",0,0,0,0,0,0,10,95,259,0,0,0,0,0,0,0,1,0
"DUP_499",0,0,28,0,0,0,0,0,0,0,0,0,0,0,89,247,0,0
"DUP_158",0,0,0,0,0,0,0,0,0,113,23,223,0,0,0,0,0,0
"DUP_415",0,0,0,0,0,0,0,0,0,0,0,0,0,0,0,0,0,337
"DUP_204",0,0,0,92,0,0,0,0,0,0,0,0,0,0,0,0,203,0
"DUP_1339",1,0,0,37,0,0,0,0,0,7,42,0,75,0,5,0,27,92
"DUP_498",0,0,0,0,0,0,5,0,234,0,0,0,0,0,0,21,0,0
"DUP_919",0,0,17,0,0,0,0,0,0,0,0,0,0,0,62,164,0,0
"DUP_177",0,0,0,0,0,0,0,0,0,44,104,56,18,11,8,0,0,0
"DUP_1728",16,30,9,85,0,0,0,0,0,1,52,0,0,0,0,23,0,13
"DUP_316",0,0,2,0,0,0,0,0,0,49,23,109,23,6,12,1,0,0
"DUP_329",23,26,19,0,0,0,0,0,0,0,0,0,0,0,0,0,0,148
"DUP_568",0,0,0,0,0,0,4,0,210,0,0,0,0,0,0,0,0,0
"DUP_1248",0,0,0,0,0,0,0,0,0,0,0,0,172,0,0,0,0,40
"DUP_140",0,0,0,0,0,0,0,204,0,0,0,0,0,0,0,0,0,0
"DUP_232",0,0,0,0,0,0,0,0,0,5,179,15,5,0,0,0,0,0
"DUP_285",0,0,0,1,0,0,0,0,0,17,19,29,108,0,0,0,7,23
"DUP_1453",42,118,5,0,0,0,0,0,35,0,0,0,0,0,0,0,0,0
"DUP_369",0,0,16,0,0,0,0,0,0,0,0,0,0,0,0,158,0,0
"DUP_198",0,0,0,1,0,0,0,0,0,10,6,145,0,0,0,4,0,4
"DUP_987",0,0,0,0,0,0,0,0,0,0,0,0,0,0,0,0,168,0
"DUP_1374",0,0,0,0,0,0,0,0,0,0,0,0,0,0,168,0,0,0
"DUP_395",0,0,20,0,0,0,0,0,0,0,0,0,0,0,0,141,0,0
"DUP_401",25,37,16,1,0,53,0,0,0,0,0,0,7,19,0,0,2,0
"DUP_1540",0,0,0,0,0,0,0,0,0,1,8,0,77,0,2,0,11,58
"DUP_1443",0,0,0,0,0,0,0,0,0,0,0,0,0,0,0,150,0,0
"DUP_393",0,0,47,0,0,0,0,0,0,0,0,0,0,0,0,97,0,0
"DUP_31",3,37,0,0,0,0,0,0,0,0,0,0,1,53,43,0,0,0
"DUP_1392",0,0,0,0,0,0,0,0,0,0,0,0,0,0,0,0,0,134
"DUP_340",14,31,5,5,0,38,0,0,0,0,0,0,3,5,29,0,1,0
"DUP_1669",85,28,18,0,0,0,0,0,0,0,0,0,0,0,0,0,0,0
"DUP_19",0,0,0,0,0,0,0,0,0,0,0,0,0,0,0,122,0,0
"DUP_48",0,0,0,0,0,0,0,0,0,17,80,15,8,0,0,0,0,0
"DUP_1429",0,0,0,0,0,0,0,0,0,0,0,0,0,0,0,1,0,112
"DUP_1813",0,0,0,0,0,0,0,0,0,0,0,0,0,0,111,0,0,0
"DUP_1890",0,0,0,0,0,0,0,0,0,0,0,0,97,0,0,0,0,14
"DUP_1833",0,0,0,0,0,0,86,8,0,0,11,0,0,0,0,4,1,0
"DUP_2409",0,0,0,0,0,0,0,0,0,0,0,0,0,85,0,20,0,0
"DUP_651",0,0,0,86,0,0,0,0,0,0,0,0,15,0,3,0,0,0
"DUP_255",0,0,0,0,0,0,0,0,0,5,4,37,31,14,10,0,0,1
"DUP_1988",0,0,0,0,0,0,97,0,0,0,0,0,0,0,0,0,0,0
"DUP_189",62,3,0,7,19,0,0,0,0,0,0,1,0,3,1,0,0,0
"DUP_2200",0,0,0,0,0,0,7,0,47,0,0,0,0,0,0,6,28,6
"DUP_1585",0,0,0,0,0,0,0,0,0,0,0,0,0,0,0,0,93,0
"DUP_1622",0,0,0,0,0,0,0,0,0,0,0,0,20,7,0,5,0,54
"DUP_54",0,0,0,0,85,0,0,0,0,0,0,0,0,0,0,0,0,0
"DUP_80",0,0,0,0,0,0,0,0,85,0,0,0,0,0,0,0,0,0
"DUP_1008",0,0,0,0,0,0,0,0,0,18,12,39,4,4,8,0,0,0
"DUP_1846",3,4,5,0,0,7,0,0,24,3,7,0,5,10,7,1,6,3
"DUP_1901",0,0,0,0,2,0,77,2,4,0,0,0,0,0,0,0,0,0
"DUP_2275",2,4,7,25,0,31,0,0,0,0,0,0,0,1,10,0,1,0
"DUP_3030",0,0,7,0,0,0,0,0,0,5,4,0,0,0,9,32,2,20
"DUP_3864",0,0,1,0,0,0,0,0,0,0,6,0,0,0,0,42,0,30
"DUP_2640",0,0,0,0,0,1,0,0,0,39,34,2,0,0,0,0,0,0
"DUP_2211",0,0,0,0,0,0,0,0,0,0,0,0,0,0,0,75,0,0
"DUP_2346",0,0,8,0,0,0,0,0,0,0,0,0,0,0,10,57,0,0
"DUP_13",0,0,0,0,0,0,0,0,0,72,0,0,0,0,0,0,0,0
"DUP_1017",0,0,0,0,0,0,0,0,9,3,16,0,0,42,1,0,0,0
"DUP_677",0,0,0,0,0,0,0,0,0,17,28,17,4,1,3,0,0,0
"DUP_362",0,0,0,0,0,0,0,0,0,12,32,13,5,3,4,0,0,0
"DUP_695",1,0,0,0,0,0,0,0,0,3,2,10,40,0,0,0,3,7
"DUP_4300",0,0,0,0,0,0,0,0,66,0,0,0,0,0,0,0,0,0
"DUP_757",0,2,0,0,0,0,0,0,0,1,3,2,57,0,0,0,0,0
"DUP_1135",0,0,0,0,0,0,0,0,0,11,7,26,5,4,11,0,0,0
"DUP_1556",6,5,0,0,0,2,0,0,1,0,2,5,37,3,2,0,0,0
"DUP_1950",0,0,0,0,0,0,14,19,27,0,0,0,0,0,0,0,2,1
"DUP_1004",0,0,0,0,0,0,0,0,0,0,0,0,0,0,0,0,0,62
"DUP_3487",0,0,0,0,0,0,0,0,0,58,0,0,0,0,0,0,0,0
"DUP_4",0,0,0,0,0,0,0,0,0,7,44,0,0,0,5,0,0,0
"DUP_924",1,0,0,37,0,0,0,0,0,1,0,0,14,0,0,0,0,2
"DUP_2354",0,0,0,13,0,0,0,0,0,0,25,0,0,0,0,0,2,15
"DUP_4551",28,16,0,0,0,11,0,0,0,0,0,0,0,0,0,0,0,0
"DUP_1865",0,0,0,2,0,0,0,0,0,0,2,1,25,17,7,0,0,0
"DUP_5116",0,0,0,44,0,0,0,0,0,0,0,0,1,5,3,0,0,0
"DUP_4724",0,0,0,0,52,0,0,0,0,0,0,0,0,0,0,0,0,0
"DUP_2868",0,0,0,0,0,0,0,0,0,0,0,0,0,0,0,0,49,2
"DUP_4862",0,0,0,0,0,51,0,0,0,0,0,0,0,0,0,0,0,0
"DUP_3278",24,0,0,25,0,0,0,0,0,0,0,0,0,0,0,0,1,0
"DUP_1082",1,0,0,0,0,0,0,0,0,0,0,0,0,0,48,0,0,0
"DUP_4837",0,0,0,0,0,0,0,0,49,0,0,0,0,0,0,0,0,0
"DUP_1720",0,0,1,0,0,0,0,0,0,4,2,6,27,0,1,0,2,4
"DUP_4238",0,0,0,0,47,0,0,0,0,0,0,0,0,0,0,0,0,0
"DUP_932",0,0,0,0,0,0,0,0,0,0,0,0,0,41,4,0,0,0
"DUP_1643",2,1,0,0,0,3,0,0,5,0,0,3,26,2,3,0,0,0
"DUP_2026",0,0,0,0,0,0,0,0,0,45,0,0,0,0,0,0,0,0
"DUP_2594",0,0,0,0,0,0,0,0,41,0,0,0,0,3,1,0,0,0
"DUP_3557",0,0,0,0,0,0,0,0,0,18,27,0,0,0,0,0,0,0
"DUP_1684",0,0,0,0,1,0,0,0,0,9,2,7,0,0,19,0,3,3
"DUP_3273",0,0,0,0,0,0,1,0,27,0,0,0,0,0,0,4,9,3
"DUP_1917",0,0,0,0,0,0,0,0,5,6,11,13,0,6,0,1,0,1
"DUP_4060",0,0,0,0,0,0,0,0,0,0,0,0,0,0,0,0,0,43
"DUP_322",0,0,0,0,0,0,0,0,0,0,42,0,0,0,0,0,0,0
"DUP_4209",0,0,0,0,0,0,0,39,3,0,0,0,0,0,0,0,0,0
"DUP_1843",0,0,0,0,41,0,0,0,0,0,0,0,0,0,0,0,0,0
"DUP_5393",0,0,0,0,0,0,0,0,41,0,0,0,0,0,0,0,0,0
"DUP_4550",0,0,0,0,40,0,0,0,0,0,0,0,0,0,0,0,0,0
"DUP_5075",0,0,0,0,0,0,0,0,36,0,0,0,0,4,0,0,0,0
"DUP_1548",0,0,0,0,0,0,0,0,0,7,5,24,1,1,0,1,0,0
"DUP_6212",0,0,0,0,39,0,0,0,0,0,0,0,0,0,0,0,0,0
"DUP_66",0,0,0,0,0,0,0,0,0,29,0,9,0,0,0,0,0,0
"DUP_3066",0,0,0,0,0,0,0,0,0,17,20,0,0,0,0,0,0,0
"DUP_3276",10,10,3,0,0,12,0,0,0,0,0,0,0,0,0,0,0,0
"DUP_3786",1,0,0,8,0,0,0,0,0,1,5,0,10,0,0,0,5,5
"DUP_1240",0,0,0,0,5,0,0,0,0,0,0,0,0,3,22,0,3,1
"DUP_3713",20,0,1,0,0,0,0,0,0,0,0,0,0,0,0,0,7,6
"DUP_6154",23,0,0,11,0,0,0,0,0,0,0,0,0,0,0,0,0,0
"DUP_6720",6,6,0,14,0,6,0,0,0,0,0,0,0,2,0,0,0,0
"DUP_4965",0,0,0,0,0,0,0,0,0,0,3,0,9,0,0,0,1,20
"DUP_4031",0,0,0,0,0,0,32,0,0,0,0,0,0,0,0,0,0,0
"DUP_5373",0,0,0,0,0,0,0,0,30,0,0,0,0,2,0,0,0,0
"DUP_5775",0,0,0,0,0,0,0,0,0,0,0,0,14,0,0,0,16,1
"DUP_6311",0,0,0,0,0,0,0,0,0,0,0,0,0,0,0,9,17,4
"DUP_2555",0,0,0,10,0,0,0,0,0,2,0,1,16,0,0,0,0,0
"DUP_3098",0,0,1,0,0,0,0,0,0,8,12,8,0,0,0,0,0,0
"DUP_4226",0,0,5,0,0,0,0,0,0,0,0,0,0,0,7,17,0,0
"DUP_6777",0,0,0,0,0,1,0,0,0,0,0,0,0,0,2,4,0,22
"DUP_4441",0,0,0,0,0,0,0,0,0,28,0,0,0,0,0,0,0,0
"DUP_6731",0,28,0,0,0,0,0,0,0,0,0,0,0,0,0,0,0,0
"DUP_7287",0,0,0,0,0,0,0,4,24,0,0,0,0,0,0,0,0,0
"DUP_5574",0,0,0,0,0,0,0,0,27,0,0,0,0,0,0,0,0,0
"DUP_3013",0,0,0,10,0,0,0,0,0,4,5,0,0,0,0,0,0,7
"DUP_4075",0,0,0,0,0,0,0,0,24,0,0,0,0,1,1,0,0,0
"DUP_2600",0,0,0,0,0,0,0,0,0,9,14,0,0,0,0,0,2,0
"DUP_2700",0,0,0,0,0,0,0,0,0,3,2,2,16,0,1,0,0,1
"DUP_5497",0,0,2,0,0,0,0,0,0,0,0,0,0,0,5,18,0,0
"DUP_5838",0,0,0,0,0,0,0,0,0,0,0,0,0,0,0,0,25,0
"DUP_5865",0,0,0,0,0,0,0,0,25,0,0,0,0,0,0,0,0,0
"DUP_557",2,5,1,0,0,2,0,0,0,0,0,1,0,8,5,0,0,0
"DUP_1541",0,0,0,0,0,0,0,0,0,0,1,0,23,0,0,0,0,0
"DUP_3555",0,0,0,0,0,0,0,0,0,5,1,4,0,1,7,1,1,2
"DUP_4589",0,0,0,0,0,0,0,0,0,0,1,0,10,0,1,0,1,9
"DUP_5902",0,0,0,0,0,0,0,0,0,0,0,0,0,22,0,0,0,0
"DUP_6271",0,0,0,20,0,0,0,0,0,0,0,0,0,2,0,0,0,0
"DUP_7302",0,22,0,0,0,0,0,0,0,0,0,0,0,0,0,0,0,0
"DUP_8576",0,0,0,0,0,0,0,0,0,0,0,0,0,0,0,0,0,22
"DUP_2695",0,0,0,0,21,0,0,0,0,0,0,0,0,0,0,0,0,0
"DUP_3127",0,0,0,0,0,0,0,0,0,21,0,0,0,0,0,0,0,0
"DUP_3595",0,0,0,21,0,0,0,0,0,0,0,0,0,0,0,0,0,0
"DUP_7046",0,0,0,0,0,0,0,0,0,0,0,0,15,0,0,0,0,6
"DUP_7844",0,0,2,0,0,0,0,0,0,0,0,0,0,0,8,11,0,0
"DUP_1029",0,0,20,0,0,0,0,0,0,0,0,0,0,0,0,0,0,0
"DUP_1246",0,2,0,0,0,0,0,0,0,0,0,0,0,1,17,0,0,0
"DUP_2586",0,0,0,0,1,0,0,0,0,2,0,0,0,1,11,0,3,2
"DUP_2801",0,0,0,1,0,0,0,0,0,0,1,2,6,8,2,0,0,0
"DUP_2959",0,0,0,0,0,0,0,0,0,3,1,1,11,0,0,0,1,3
"DUP_4606",2,3,0,0,0,2,0,0,0,0,0,3,7,1,2,0,0,0
"DUP_4851",0,0,0,0,0,0,0,0,0,0,0,0,0,0,0,0,20,0
"DUP_6561",0,0,0,0,0,0,0,0,0,0,0,0,0,0,0,0,20,0
"DUP_8186",0,0,0,0,0,0,0,0,0,0,0,0,0,0,0,20,0,0
"DUP_10147",0,0,1,0,0,0,0,0,0,0,0,0,0,0,5,14,0,0
"DUP_2159",0,0,0,0,0,0,0,0,0,2,7,5,1,1,3,0,0,0
"DUP_2369",1,0,0,9,0,0,0,0,0,2,2,0,0,0,0,0,0,5
"DUP_3711",1,4,2,4,0,3,0,0,0,0,0,0,0,0,5,0,0,0
"DUP_5291",0,0,0,0,0,0,0,0,0,0,0,0,0,0,0,0,19,0
"DUP_5800",0,0,0,0,0,0,0,0,0,0,0,0,0,0,0,0,19,0
"DUP_9160",0,19,0,0,0,0,0,0,0,0,0,0,0,0,0,0,0,0
"DUP_319",0,0,0,0,0,0,0,0,0,0,0,1,0,13,0,1,0,3
"DUP_3884",0,0,0,18,0,0,0,0,0,0,0,0,0,0,0,0,0,0
"DUP_5542",13,0,0,0,0,0,0,0,0,0,0,0,0,0,0,0,3,2
"DUP_7413",0,0,0,0,18,0,0,0,0,0,0,0,0,0,0,0,0,0
"DUP_8833",0,0,1,0,0,0,0,0,0,0,0,0,0,0,2,15,0,0
"DUP_6379",1,1,2,0,0,2,0,0,6,0,2,0,0,1,0,0,1,1
"DUP_7681",0,0,0,14,0,0,0,0,0,0,0,0,2,1,0,0,0,0
"DUP_47",0,0,0,5,0,0,0,0,0,0,0,11,0,0,0,0,0,0
"DUP_3477",0,0,0,0,0,0,0,0,3,2,5,0,0,6,0,0,0,0
"DUP_3876",0,0,0,0,0,0,0,0,2,0,0,0,4,7,3,0,0,0
"DUP_5006",0,0,0,0,0,0,0,0,0,0,0,0,0,0,0,0,16,0
"DUP_6511",2,0,0,13,0,0,0,0,0,0,0,0,1,0,0,0,0,0
"DUP_7872",0,0,0,0,0,0,0,0,0,0,0,0,0,0,0,0,13,3
"DUP_10065",0,0,0,0,0,0,8,8,0,0,0,0,0,0,0,0,0,0
"DUP_1980",0,0,0,0,0,0,0,0,0,0,0,0,0,0,15,0,0,0
"DUP_4765",0,0,0,0,15,0,0,0,0,0,0,0,0,0,0,0,0,0
"DUP_5312",0,0,0,3,0,0,0,0,0,1,0,0,11,0,0,0,0,0
"DUP_6762",0,0,0,0,0,0,0,0,15,0,0,0,0,0,0,0,0,0
"DUP_6953",0,0,0,0,0,0,0,0,0,0,0,0,0,0,0,0,11,4
"DUP_9403",0,0,0,0,0,0,15,0,0,0,0,0,0,0,0,0,0,0
"DUP_148",0,0,14,0,0,0,0,0,0,0,0,0,0,0,0,0,0,0
"DUP_684",0,0,0,0,0,0,0,0,14,0,0,0,0,0,0,0,0,0
"DUP_782",0,5,0,0,0,0,0,0,0,0,0,0,0,6,3,0,0,0
"DUP_1871",0,0,0,0,0,0,0,0,14,0,0,0,0,0,0,0,0,0
"DUP_3995",0,0,0,0,0,0,0,0,0,6,6,2,0,0,0,0,0,0
"DUP_5846",0,0,0,12,0,0,0,0,0,0,0,0,0,2,0,0,0,0
"DUP_6525",0,0,0,0,0,0,0,0,0,0,0,0,12,0,0,0,0,2
"DUP_7214",2,0,0,0,0,1,0,0,4,0,0,0,6,0,1,0,0,0
"DUP_9343",0,0,14,0,0,0,0,0,0,0,0,0,0,0,0,0,0,0
"DUP_9912",0,0,0,0,2,0,0,0,12,0,0,0,0,0,0,0,0,0
"DUP_12920",0,0,0,0,0,0,0,0,3,0,11,0,0,0,0,0,0,0
"DUP_3131",0,0,0,0,0,0,0,0,0,0,0,1,12,0,0,0,0,0
"DUP_4119",0,0,0,0,0,0,0,0,0,0,0,0,0,0,13,0,0,0
"DUP_8716",0,0,0,0,0,0,0,0,0,0,0,0,0,0,13,0,0,0
"DUP_12802",0,0,0,0,0,0,0,0,0,0,0,0,0,0,0,8,0,5
"DUP_4928",0,0,0,5,0,0,0,0,0,0,5,0,0,0,0,0,1,1
"DUP_5445",0,0,0,0,0,0,0,0,0,4,0,8,0,0,0,0,0,0
"DUP_5871",0,0,0,0,0,0,0,0,0,1,0,1,6,0,0,0,0,4
"DUP_9465",0,0,0,0,0,0,0,0,12,0,0,0,0,0,0,0,0,0
"DUP_10768",0,12,0,0,0,0,0,0,0,0,0,0,0,0,0,0,0,0
"DUP_11590",0,0,0,0,0,0,0,0,0,0,11,0,0,0,0,1,0,0
"DUP_12631",0,0,0,0,0,0,0,0,0,0,0,0,12,0,0,0,0,0
"DUP_12811",0,0,0,0,0,0,0,0,0,0,12,0,0,0,0,0,0,0
"DUP_746",0,0,0,0,0,0,0,0,0,1,6,1,3,0,0,0,0,0
"DUP_2841",0,0,0,0,0,0,0,0,0,3,1,2,0,0,0,0,2,3
"DUP_2971",0,0,0,0,0,0,0,0,0,2,1,0,0,8,0,0,0,0
"DUP_3802",0,0,0,0,0,0,0,0,11,0,0,0,0,0,0,0,0,0
"DUP_4083",0,0,0,0,0,0,0,0,0,11,0,0,0,0,0,0,0,0
"DUP_4138",0,0,0,0,0,0,0,0,0,11,0,0,0,0,0,0,0,0
"DUP_4702",0,0,0,0,0,0,0,0,0,0,0,0,0,0,0,0,0,11
"DUP_6421",0,0,0,0,0,1,0,0,2,0,0,0,3,1,1,1,2,0
"DUP_8973",0,0,0,0,0,0,0,0,0,8,3,0,0,0,0,0,0,0
"DUP_9635",0,0,0,0,0,0,0,0,0,0,0,0,10,0,0,0,0,1
"DUP_13247",0,0,0,0,0,0,0,0,0,0,0,0,4,0,0,0,0,7
"DUP_16480",0,0,0,0,0,0,0,0,11,0,0,0,0,0,0,0,0,0
"DUP_1036",0,0,0,0,0,5,0,0,0,0,0,0,0,0,0,5,0,0
"DUP_1900",0,0,0,10,0,0,0,0,0,0,0,0,0,0,0,0,0,0
"DUP_3202",0,0,0,10,0,0,0,0,0,0,0,0,0,0,0,0,0,0
"DUP_5510",0,0,0,8,0,0,0,0,0,0,0,0,2,0,0,0,0,0
"DUP_6478",0,0,0,0,0,0,0,8,2,0,0,0,0,0,0,0,0,0
"DUP_7984",0,0,0,0,0,0,0,10,0,0,0,0,0,0,0,0,0,0
"DUP_9032",0,0,0,0,0,0,0,0,0,0,0,0,0,0,10,0,0,0
"DUP_9119",0,0,0,0,0,0,0,0,0,0,0,0,0,0,0,0,0,10
"DUP_10223",0,0,0,0,0,0,0,0,10,0,0,0,0,0,0,0,0,0
"DUP_17665",0,0,0,0,0,0,0,0,0,0,0,0,0,0,0,8,2,0
"DUP_182",0,0,0,0,0,0,0,0,0,9,0,0,0,0,0,0,0,0
"DUP_504",0,0,0,0,0,0,0,0,0,0,0,0,0,0,0,0,0,9
"DUP_1653",0,0,0,9,0,0,0,0,0,0,0,0,0,0,0,0,0,0
"DUP_4343",0,0,0,0,0,0,0,0,0,9,0,0,0,0,0,0,0,0
"DUP_4524",0,0,0,0,0,0,0,0,0,5,4,0,0,0,0,0,0,0
"DUP_4905",0,0,0,9,0,0,0,0,0,0,0,0,0,0,0,0,0,0
"DUP_4972",0,0,0,0,0,0,0,0,1,2,2,0,0,4,0,0,0,0
"DUP_5422",0,0,0,0,0,0,0,0,5,0,2,0,0,1,1,0,0,0
"DUP_7859",0,0,0,0,0,0,0,0,1,0,1,0,4,0,0,0,0,3
"DUP_10320",0,9,0,0,0,0,0,0,0,0,0,0,0,0,0,0,0,0
"DUP_10981",0,0,0,7,0,2,0,0,0,0,0,0,0,0,0,0,0,0
"DUP_13105",0,0,0,0,0,0,0,0,0,0,0,0,0,0,9,0,0,0
"DUP_14739",0,0,0,0,0,0,0,0,5,0,0,0,0,0,0,2,2,0
"DUP_1957",0,0,0,0,0,0,0,0,0,1,0,2,3,0,2,0,0,0
"DUP_3396",0,0,0,0,0,0,0,0,0,0,1,0,0,0,0,0,3,4
"DUP_3568",0,0,0,0,0,0,0,0,0,0,0,0,0,0,8,0,0,0
"DUP_6827",0,0,0,0,0,0,0,0,0,0,0,0,7,0,0,0,0,1
"DUP_7478",0,0,0,0,0,0,0,0,0,4,4,0,0,0,0,0,0,0
"DUP_7813",0,0,0,0,0,0,0,0,0,0,0,0,6,0,0,0,0,2
"DUP_8208",1,0,0,0,0,0,0,0,0,0,0,0,0,0,7,0,0,0
"DUP_8289",0,0,0,0,0,0,0,0,0,2,1,1,2,0,2,0,0,0
"DUP_9227",0,0,1,0,0,0,0,0,0,0,0,0,0,7,0,0,0,0
"DUP_100",0,0,0,0,0,0,0,0,0,0,7,0,0,0,0,0,0,0
"DUP_1602",1,1,0,0,0,0,0,0,0,0,0,0,0,1,4,0,0,0
"DUP_2208",0,0,0,0,5,0,0,0,0,0,0,0,0,0,0,0,2,0
"DUP_2798",0,0,0,0,0,0,0,0,0,0,0,0,0,0,7,0,0,0
"DUP_3652",0,0,0,0,0,0,0,0,0,0,1,3,2,1,0,0,0,0
"DUP_4114",0,0,0,0,0,0,0,0,0,0,0,0,0,7,0,0,0,0
"DUP_5753",0,0,0,0,0,0,0,0,0,7,0,0,0,0,0,0,0,0
"DUP_6113",0,0,0,0,0,0,0,0,0,2,3,0,2,0,0,0,0,0
"DUP_7286",0,0,0,0,0,0,0,0,0,3,3,0,0,1,0,0,0,0
"DUP_7593",1,1,0,0,0,2,0,0,0,0,0,0,2,1,0,0,0,0
"DUP_8036",2,1,0,0,0,4,0,0,0,0,0,0,0,0,0,0,0,0
"DUP_8053",0,0,0,0,0,0,0,0,0,4,3,0,0,0,0,0,0,0
"DUP_8183",0,0,0,0,0,0,0,7,0,0,0,0,0,0,0,0,0,0
"DUP_8657",0,0,0,0,0,0,0,0,0,0,0,0,5,2,0,0,0,0
"DUP_9633",0,0,0,0,0,0,0,0,0,7,0,0,0,0,0,0,0,0
"DUP_10473",0,0,0,0,0,0,0,0,0,0,0,0,0,2,0,1,2,2
"DUP_10618",0,0,0,0,0,0,0,0,0,3,4,0,0,0,0,0,0,0
"DUP_11474",0,0,0,0,0,0,7,0,0,0,0,0,0,0,0,0,0,0
"DUP_11787",0,0,0,0,0,0,0,0,0,7,0,0,0,0,0,0,0,0
"DUP_12219",0,0,0,0,0,0,7,0,0,0,0,0,0,0,0,0,0,0
"DUP_12421",0,0,0,0,0,0,0,0,0,0,1,0,4,1,0,0,0,1
"DUP_13769",0,0,0,1,0,0,0,0,0,0,1,0,4,0,0,0,1,0
"DUP_14957",0,0,0,0,0,0,0,0,0,0,0,7,0,0,0,0,0,0
"DUP_14987",0,0,0,0,0,0,0,0,0,0,0,0,0,0,0,5,2,0
"DUP_18618",0,0,0,0,0,0,0,0,0,0,0,0,7,0,0,0,0,0
"DUP_56890",0,0,7,0,0,0,0,0,0,0,0,0,0,0,0,0,0,0
"DUP_239",0,0,0,0,0,0,0,0,0,0,3,1,2,0,0,0,0,0
"DUP_849",0,0,0,0,0,0,0,0,0,0,0,0,0,0,0,6,0,0
"DUP_3024",0,0,0,0,0,0,0,0,0,2,4,0,0,0,0,0,0,0
"DUP_3757",0,0,6,0,0,0,0,0,0,0,0,0,0,0,0,0,0,0
"DUP_4141",0,0,0,0,0,0,0,0,0,2,4,0,0,0,0,0,0,0
"DUP_4749",0,0,0,0,0,6,0,0,0,0,0,0,0,0,0,0,0,0
"DUP_5701",0,0,0,0,0,0,0,0,0,3,0,3,0,0,0,0,0,0
"DUP_6614",0,0,0,0,0,0,0,0,0,0,6,0,0,0,0,0,0,0
"DUP_7396",0,0,0,0,0,0,0,0,0,0,0,0,0,5,1,0,0,0
"DUP_7443",0,0,0,0,0,0,0,0,0,1,4,0,0,0,1,0,0,0
"DUP_8008",0,0,0,0,0,0,0,0,6,0,0,0,0,0,0,0,0,0
"DUP_8417",0,0,0,0,0,0,0,0,0,1,0,0,3,0,0,0,1,1
"DUP_8432",0,0,0,0,1,3,0,0,0,0,0,0,0,2,0,0,0,0
"DUP_8597",0,0,0,0,0,0,0,0,0,6,0,0,0,0,0,0,0,0
"DUP_9974",0,0,0,0,0,0,0,0,0,0,6,0,0,0,0,0,0,0
"DUP_10402",1,2,0,0,0,3,0,0,0,0,0,0,0,0,0,0,0,0
"DUP_10902",0,0,0,6,0,0,0,0,0,0,0,0,0,0,0,0,0,0
"DUP_12913",0,0,1,0,0,0,0,0,0,0,0,0,0,0,0,5,0,0
"DUP_14473",0,0,0,2,0,0,0,0,0,3,0,0,0,0,0,0,0,1
"DUP_15118",0,0,0,0,0,0,0,0,0,0,1,4,0,0,0,1,0,0
"DUP_16393",0,0,0,0,0,0,0,0,6,0,0,0,0,0,0,0,0,0
"DUP_16798",4,2,0,0,0,0,0,0,0,0,0,0,0,0,0,0,0,0
"DUP_22698",2,0,0,4,0,0,0,0,0,0,0,0,0,0,0,0,0,0
"DUP_26059",0,0,0,0,0,0,0,0,0,0,0,0,0,0,0,6,0,0
"DUP_36735",0,0,0,0,0,0,0,0,0,0,6,0,0,0,0,0,0,0
"DUP_361",0,0,0,0,0,0,0,0,0,0,0,4,0,1,0,0,0,0
"DUP_2709",0,0,0,0,0,0,0,0,0,0,1,1,0,0,3,0,0,0
"DUP_4102",0,0,0,0,0,0,0,0,0,1,1,0,0,2,1,0,0,0
"DUP_4675",0,0,0,5,0,0,0,0,0,0,0,0,0,0,0,0,0,0
"DUP_5347",0,0,0,0,0,0,0,0,0,0,0,0,0,0,5,0,0,0
"DUP_5602",0,0,0,0,3,0,0,0,0,0,2,0,0,0,0,0,0,0
"DUP_5858",3,0,0,0,0,0,0,0,0,0,0,0,1,1,0,0,0,0
"DUP_6895",3,1,0,0,0,0,0,0,0,0,0,0,1,0,0,0,0,0
"DUP_7756",0,0,0,0,0,0,0,0,0,1,1,1,0,1,1,0,0,0
"DUP_8748",0,0,0,0,0,0,0,0,0,0,2,0,0,3,0,0,0,0
"DUP_8816",0,0,0,0,0,0,0,0,0,5,0,0,0,0,0,0,0,0
"DUP_9192",0,0,0,0,5,0,0,0,0,0,0,0,0,0,0,0,0,0
"DUP_10432",0,0,0,0,0,0,0,5,0,0,0,0,0,0,0,0,0,0
"DUP_11027",0,0,0,0,0,0,0,0,0,0,5,0,0,0,0,0,0,0
"DUP_11768",0,0,0,0,0,0,0,0,0,0,0,0,0,0,0,4,0,1
"DUP_12590",0,0,0,0,0,0,0,0,0,0,0,5,0,0,0,0,0,0
"DUP_12642",0,0,0,0,0,0,0,0,0,0,0,0,0,0,0,0,5,0
"DUP_12879",0,0,0,0,0,0,0,0,0,0,0,0,0,0,0,5,0,0
"DUP_14530",0,0,0,0,0,0,0,0,0,0,0,5,0,0,0,0,0,0
"DUP_14607",0,0,0,3,0,0,0,0,0,0,0,0,2,0,0,0,0,0
"DUP_14784",0,0,0,0,0,0,0,0,0,1,0,4,0,0,0,0,0,0
"DUP_15007",0,0,0,0,0,0,0,0,0,3,2,0,0,0,0,0,0,0
"DUP_15348",1,3,0,0,0,1,0,0,0,0,0,0,0,0,0,0,0,0
"DUP_15800",0,0,0,0,0,0,0,0,0,0,0,0,5,0,0,0,0,0
"DUP_16210",0,0,0,0,0,0,0,0,0,0,0,0,0,0,0,0,3,2
"DUP_16390",0,0,0,0,0,5,0,0,0,0,0,0,0,0,0,0,0,0
"DUP_16619",0,0,5,0,0,0,0,0,0,0,0,0,0,0,0,0,0,0
"DUP_16807",0,0,0,4,0,0,0,0,0,1,0,0,0,0,0,0,0,0
"DUP_17084",0,0,0,0,0,0,0,0,0,1,4,0,0,0,0,0,0,0
"DUP_17647",0,0,0,0,0,0,0,0,1,0,1,0,0,3,0,0,0,0
"DUP_19486",0,0,0,3,0,0,0,0,0,0,0,0,2,0,0,0,0,0
"DUP_24977",0,0,0,0,0,0,0,0,0,5,0,0,0,0,0,0,0,0
"DUP_25837",0,0,0,0,0,0,0,0,5,0,0,0,0,0,0,0,0,0
"DUP_33281",0,0,0,0,0,0,0,0,0,0,0,0,5,0,0,0,0,0
"DUP_1695",0,0,0,0,0,0,0,0,0,0,0,0,4,0,0,0,0,0
"DUP_2610",0,0,0,0,0,0,0,0,0,0,0,0,0,0,0,0,0,4
"DUP_2934",0,0,0,0,0,0,0,0,0,0,2,1,1,0,0,0,0,0
"DUP_4033",0,0,0,0,0,0,0,0,0,0,2,2,0,0,0,0,0,0
"DUP_4222",0,0,0,0,0,0,0,0,0,0,0,0,3,0,0,0,0,1
"DUP_4497",0,0,0,0,0,0,0,0,0,4,0,0,0,0,0,0,0,0
"DUP_5107",0,0,0,0,0,0,0,0,0,0,0,4,0,0,0,0,0,0
"DUP_5151",0,0,0,0,0,0,0,0,0,4,0,0,0,0,0,0,0,0
"DUP_5278",1,0,0,0,0,0,0,0,0,0,0,0,1,1,1,0,0,0
"DUP_5548",0,0,0,0,0,0,0,0,0,0,0,1,0,0,3,0,0,0
"DUP_6262",0,0,0,0,0,0,0,0,0,0,0,0,0,0,4,0,0,0
"DUP_6537",0,0,0,0,0,0,0,0,0,0,1,1,1,0,0,0,1,0
"DUP_7455",0,0,0,0,0,0,0,0,0,0,4,0,0,0,0,0,0,0
"DUP_8251",0,0,0,4,0,0,0,0,0,0,0,0,0,0,0,0,0,0
"DUP_8637",0,0,0,0,0,0,0,0,0,0,0,0,0,0,4,0,0,0
"DUP_9330",0,0,0,0,4,0,0,0,0,0,0,0,0,0,0,0,0,0
"DUP_9377",0,0,0,3,0,0,0,0,0,0,1,0,0,0,0,0,0,0
"DUP_9414",0,0,0,0,0,0,0,0,4,0,0,0,0,0,0,0,0,0
"DUP_10514",0,0,0,0,0,0,0,0,0,0,0,0,4,0,0,0,0,0
"DUP_10934",0,0,0,0,0,1,0,0,0,0,0,1,0,1,1,0,0,0
"DUP_11594",0,0,0,0,0,0,0,0,0,0,0,0,0,0,0,0,4,0
"DUP_11690",0,0,0,0,0,0,0,0,0,0,0,4,0,0,0,0,0,0
"DUP_12019",0,0,0,0,0,0,0,0,0,1,1,0,0,0,0,1,0,1
"DUP_12354",0,0,0,0,0,0,0,0,0,0,0,0,0,0,0,0,4,0
"DUP_12646",0,0,0,0,0,0,0,0,0,0,0,0,0,4,0,0,0,0
"DUP_13112",0,0,0,0,0,0,0,0,0,0,0,0,0,1,0,0,0,3
"DUP_13268",0,0,0,0,0,0,0,0,0,0,0,0,0,0,0,2,2,0
"DUP_13383",2,0,0,0,0,0,0,0,0,0,1,0,1,0,0,0,0,0
"DUP_13688",0,0,0,0,0,0,0,0,0,2,0,2,0,0,0,0,0,0
"DUP_14704",0,0,0,0,0,0,0,0,0,0,0,1,3,0,0,0,0,0
"DUP_14891",0,0,0,0,0,0,0,0,0,0,4,0,0,0,0,0,0,0
"DUP_15094",0,0,0,0,0,0,0,0,0,1,3,0,0,0,0,0,0,0
"DUP_15600",0,0,0,0,0,0,0,0,0,0,0,0,0,0,0,4,0,0
"DUP_15684",0,0,0,0,0,0,0,4,0,0,0,0,0,0,0,0,0,0
"DUP_17122",0,0,0,0,0,0,0,0,0,0,0,0,0,0,0,0,4,0
"DUP_17572",0,0,0,0,0,0,0,0,0,0,0,0,0,0,0,2,2,0
"DUP_17583",0,0,0,0,0,0,0,0,0,0,0,0,0,0,1,3,0,0
"DUP_19238",0,0,0,4,0,0,0,0,0,0,0,0,0,0,0,0,0,0
"DUP_19438",0,0,1,0,0,1,0,0,0,0,0,0,1,1,0,0,0,0
"DUP_19613",0,0,0,0,0,0,0,4,0,0,0,0,0,0,0,0,0,0
"DUP_19884",0,0,0,0,0,0,0,0,0,1,3,0,0,0,0,0,0,0
"DUP_22690",0,0,0,4,0,0,0,0,0,0,0,0,0,0,0,0,0,0
"DUP_25201",2,1,1,0,0,0,0,0,0,0,0,0,0,0,0,0,0,0
"DUP_25248",0,0,0,0,0,0,0,0,0,3,1,0,0,0,0,0,0,0
"DUP_30463",0,0,0,0,4,0,0,0,0,0,0,0,0,0,0,0,0,0
"DUP_40520",0,0,0,0,0,0,0,0,0,0,0,0,4,0,0,0,0,0
"DUP_48805",0,0,0,0,4,0,0,0,0,0,0,0,0,0,0,0,0,0
"DUP_1991",0,0,0,0,0,0,0,0,0,0,0,0,0,3,0,0,0,0
"DUP_5820",0,0,1,0,0,0,0,0,0,0,0,0,0,0,0,2,0,0
"DUP_6529",0,0,0,0,0,0,0,0,0,0,3,0,0,0,0,0,0,0
"DUP_6770",0,0,0,0,0,0,0,0,0,1,0,1,1,0,0,0,0,0
"DUP_7059",0,0,0,0,1,0,0,0,0,0,2,0,0,0,0,0,0,0
"DUP_7176",0,0,0,3,0,0,0,0,0,0,0,0,0,0,0,0,0,0
"DUP_7366",0,0,0,0,0,0,0,0,0,1,1,1,0,0,0,0,0,0
"DUP_7440",0,0,0,0,0,0,0,0,3,0,0,0,0,0,0,0,0,0
"DUP_7804",0,0,0,0,0,0,0,0,1,1,1,0,0,0,0,0,0,0
"DUP_8095",0,0,0,0,0,0,0,0,0,1,1,0,0,1,0,0,0,0
"DUP_9434",0,0,0,0,0,0,0,0,0,0,0,1,0,0,2,0,0,0
"DUP_10345",0,0,0,3,0,0,0,0,0,0,0,0,0,0,0,0,0,0
"DUP_10764",0,0,0,0,0,0,0,0,0,0,0,3,0,0,0,0,0,0
"DUP_11205",0,0,0,0,0,0,0,0,0,3,0,0,0,0,0,0,0,0
"DUP_11255",0,0,0,0,0,0,0,0,0,0,0,0,0,3,0,0,0,0
"DUP_11456",0,0,0,0,0,0,0,0,0,0,0,0,0,0,0,0,1,2
"DUP_11534",0,0,0,0,0,0,0,0,0,0,1,1,1,0,0,0,0,0
"DUP_12293",0,0,0,0,0,0,3,0,0,0,0,0,0,0,0,0,0,0
"DUP_12387",0,0,0,0,0,0,1,0,0,0,0,0,0,0,0,1,1,0
"DUP_13050",0,0,0,0,0,0,0,0,0,0,0,1,2,0,0,0,0,0
"DUP_13319",0,0,0,0,0,0,0,0,0,0,0,0,0,0,0,0,3,0
"DUP_13973",0,0,0,0,0,0,0,0,0,0,0,0,0,0,0,0,2,1
"DUP_14408",0,0,0,2,0,0,0,0,0,0,0,0,0,0,0,0,1,0
"DUP_15615",0,0,0,0,0,0,0,0,0,1,0,0,0,1,1,0,0,0
"DUP_15732",0,0,0,0,0,0,0,0,0,1,1,1,0,0,0,0,0,0
"DUP_16537",0,0,0,0,0,0,0,0,0,0,0,0,0,0,0,0,0,3
"DUP_17509",0,0,0,0,0,0,0,0,0,0,0,0,0,0,0,0,3,0
"DUP_18454",0,0,2,0,0,1,0,0,0,0,0,0,0,0,0,0,0,0
"DUP_18927",0,0,0,0,0,0,0,0,0,0,0,0,0,0,3,0,0,0
"DUP_19282",0,0,0,0,0,0,0,0,0,0,0,0,0,0,0,0,3,0
"DUP_19313",0,0,0,0,0,0,0,0,2,0,0,0,0,0,0,0,1,0
"DUP_19409",0,1,0,2,0,0,0,0,0,0,0,0,0,0,0,0,0,0
"DUP_20333",0,0,0,0,0,0,0,0,0,0,0,0,0,0,0,0,2,1
"DUP_21214",0,0,0,0,0,0,0,0,0,0,0,0,0,0,0,0,3,0
"DUP_21714",0,3,0,0,0,0,0,0,0,0,0,0,0,0,0,0,0,0
"DUP_22443",0,0,0,0,0,0,0,0,0,0,0,0,0,0,0,0,3,0
"DUP_22972",0,0,0,0,0,0,0,0,0,0,0,0,0,0,0,0,0,3
"DUP_26387",0,0,0,0,0,0,0,0,0,0,0,0,3,0,0,0,0,0
"DUP_27953",0,0,0,0,0,0,0,0,0,0,0,0,0,0,0,0,0,3
"DUP_28629",0,0,3,0,0,0,0,0,0,0,0,0,0,0,0,0,0,0
"DUP_28839",0,0,0,0,0,0,0,0,0,0,0,0,0,0,0,0,3,0
"DUP_28968",2,1,0,0,0,0,0,0,0,0,0,0,0,0,0,0,0,0
"DUP_36041",0,0,0,0,0,0,0,0,0,3,0,0,0,0,0,0,0,0
"DUP_37137",3,0,0,0,0,0,0,0,0,0,0,0,0,0,0,0,0,0
"DUP_41381",0,0,0,0,0,0,0,0,0,0,0,1,2,0,0,0,0,0
"DUP_43481",0,0,0,0,0,0,0,0,3,0,0,0,0,0,0,0,0,0
"DUP_45523",0,0,0,0,0,0,0,0,0,0,0,0,0,0,0,0,1,2
"DUP_45861",0,0,0,0,0,0,0,0,3,0,0,0,0,0,0,0,0,0
"DUP_48910",0,0,0,0,0,0,0,0,0,0,0,0,0,0,0,0,3,0
"DUP_59309",0,0,0,0,0,0,0,0,3,0,0,0,0,0,0,0,0,0
"DUP_60102",2,0,0,1,0,0,0,0,0,0,0,0,0,0,0,0,0,0
"DUP_76135",0,0,0,0,0,0,0,0,0,0,0,0,0,0,0,0,1,2
"DUP_86545",0,0,0,0,0,0,0,0,3,0,0,0,0,0,0,0,0,0
"DUP_102360",0,0,0,0,0,3,0,0,0,0,0,0,0,0,0,0,0,0
"DUP_550",0,0,0,0,0,0,0,0,0,2,0,0,0,0,0,0,0,0
"DUP_658",0,0,0,0,0,0,0,0,0,2,0,0,0,0,0,0,0,0
"DUP_1623",0,0,0,0,0,0,0,0,0,1,1,0,0,0,0,0,0,0
"DUP_1853",1,0,0,0,0,0,0,0,0,1,0,0,0,0,0,0,0,0
"DUP_2225",0,0,0,0,0,0,0,0,0,0,0,1,1,0,0,0,0,0
"DUP_2544",0,0,0,0,0,0,0,0,0,0,0,0,0,0,2,0,0,0
"DUP_2675",0,0,0,0,0,0,0,0,0,2,0,0,0,0,0,0,0,0
"DUP_3882",0,0,0,0,2,0,0,0,0,0,0,0,0,0,0,0,0,0
"DUP_4370",0,0,0,0,0,0,0,0,0,0,1,1,0,0,0,0,0,0
"DUP_4460",0,0,0,0,0,0,0,2,0,0,0,0,0,0,0,0,0,0
"DUP_5636",0,0,0,0,0,0,0,0,0,2,0,0,0,0,0,0,0,0
"DUP_5777",0,0,0,0,0,0,0,0,0,0,1,0,1,0,0,0,0,0
"DUP_6246",0,0,0,0,0,0,0,0,0,1,0,0,0,1,0,0,0,0
"DUP_6867",0,0,0,0,0,0,0,0,0,0,0,0,0,0,2,0,0,0
"DUP_7879",0,0,0,0,0,0,0,0,2,0,0,0,0,0,0,0,0,0
"DUP_8581",0,0,0,0,0,0,0,0,0,0,0,0,0,2,0,0,0,0
"DUP_9123",0,0,2,0,0,0,0,0,0,0,0,0,0,0,0,0,0,0
"DUP_9273",0,0,0,0,0,0,0,0,0,0,0,0,0,1,1,0,0,0
"DUP_9904",0,0,0,0,0,0,0,0,0,2,0,0,0,0,0,0,0,0
"DUP_10094",0,0,0,0,0,0,0,0,0,0,1,0,0,1,0,0,0,0
"DUP_10116",0,0,0,0,0,0,0,0,0,0,2,0,0,0,0,0,0,0
"DUP_10362",0,0,0,0,0,0,0,0,0,0,0,0,0,0,0,0,0,2
"DUP_10698",0,0,0,0,0,1,0,0,0,0,0,0,1,0,0,0,0,0
"DUP_10712",0,0,0,0,0,0,0,0,0,2,0,0,0,0,0,0,0,0
"DUP_10827",0,0,0,0,0,0,0,0,0,0,1,1,0,0,0,0,0,0
"DUP_10963",0,0,0,0,1,0,0,0,0,0,1,0,0,0,0,0,0,0
"DUP_11969",0,0,0,0,0,0,0,0,0,0,0,2,0,0,0,0,0,0
"DUP_12054",0,0,0,0,0,0,0,0,0,0,0,2,0,0,0,0,0,0
"DUP_12173",0,0,0,0,0,0,0,0,0,0,0,0,1,0,0,0,1,0
"DUP_12543",0,0,0,0,0,0,0,0,0,2,0,0,0,0,0,0,0,0
"DUP_12651",0,0,0,0,0,0,0,0,0,1,0,1,0,0,0,0,0,0
"DUP_12805",0,0,0,0,0,0,0,0,0,0,0,1,1,0,0,0,0,0
"DUP_12870",0,0,0,0,0,0,0,0,0,0,0,0,0,2,0,0,0,0
"DUP_13730",0,0,0,0,0,0,0,0,0,0,0,2,0,0,0,0,0,0
"DUP_14621",0,0,0,0,0,0,0,0,0,0,0,0,0,2,0,0,0,0
"DUP_14754",0,0,0,0,0,0,0,0,0,0,0,0,0,2,0,0,0,0
"DUP_15340",0,0,0,0,0,0,0,0,0,0,1,0,1,0,0,0,0,0
"DUP_15445",0,0,0,0,0,0,0,0,0,0,0,0,1,1,0,0,0,0
"DUP_15705",0,0,0,0,0,0,0,0,0,0,2,0,0,0,0,0,0,0
"DUP_15738",0,0,0,0,0,0,0,0,0,0,2,0,0,0,0,0,0,0
"DUP_15804",0,0,0,0,0,0,0,0,0,0,0,0,0,0,2,0,0,0
"DUP_15832",0,0,0,0,0,0,0,0,0,0,0,0,0,0,0,0,2,0
"DUP_16590",0,0,0,0,0,0,0,0,0,1,1,0,0,0,0,0,0,0
"DUP_17490",0,0,0,0,0,0,0,0,0,0,0,2,0,0,0,0,0,0
"DUP_17705",0,0,0,0,0,0,0,0,0,0,2,0,0,0,0,0,0,0
"DUP_17860",0,0,0,0,0,0,0,0,0,0,0,0,1,0,1,0,0,0
"DUP_18115",0,0,0,0,0,0,0,0,0,0,0,0,2,0,0,0,0,0
"DUP_18530",0,1,0,0,0,0,0,0,0,0,0,1,0,0,0,0,0,0
"DUP_18881",0,0,0,0,0,0,0,0,0,1,0,1,0,0,0,0,0,0
"DUP_19525",0,0,0,0,0,2,0,0,0,0,0,0,0,0,0,0,0,0
"DUP_19731",0,0,0,0,0,0,0,0,0,0,0,0,0,0,0,0,0,2
"DUP_19750",0,0,0,0,0,0,0,0,0,0,0,0,0,0,0,0,0,2
"DUP_19825",0,0,0,2,0,0,0,0,0,0,0,0,0,0,0,0,0,0
"DUP_19846",0,0,0,2,0,0,0,0,0,0,0,0,0,0,0,0,0,0
"DUP_19928",1,0,0,0,0,0,0,0,0,0,0,0,0,0,0,0,0,1
"DUP_20389",0,0,0,0,0,0,0,0,0,0,0,0,2,0,0,0,0,0
"DUP_21071",0,0,0,0,0,0,0,0,0,1,0,1,0,0,0,0,0,0
"DUP_21589",0,0,0,0,0,0,0,0,0,0,0,0,0,0,2,0,0,0
"DUP_21625",0,0,0,0,0,0,0,0,0,0,0,0,0,0,0,0,1,1
"DUP_22147",0,0,0,0,1,0,0,0,0,0,0,0,0,1,0,0,0,0
"DUP_22875",0,0,0,0,0,0,0,0,0,0,0,1,0,1,0,0,0,0
"DUP_23025",1,0,0,0,0,0,0,0,0,0,0,1,0,0,0,0,0,0
"DUP_23604",2,0,0,0,0,0,0,0,0,0,0,0,0,0,0,0,0,0
"DUP_23993",2,0,0,0,0,0,0,0,0,0,0,0,0,0,0,0,0,0
"DUP_24267",0,0,0,0,0,0,0,0,2,0,0,0,0,0,0,0,0,0
"DUP_25826",0,0,0,0,0,0,0,0,0,0,0,0,0,0,0,0,2,0
"DUP_26370",0,0,0,0,0,0,0,0,0,0,0,0,0,0,0,0,2,0
"DUP_26522",0,0,0,2,0,0,0,0,0,0,0,0,0,0,0,0,0,0
"DUP_27754",0,0,0,0,0,0,0,0,0,0,0,0,0,0,2,0,0,0
"DUP_28359",0,0,0,0,0,0,2,0,0,0,0,0,0,0,0,0,0,0
"DUP_28539",2,0,0,0,0,0,0,0,0,0,0,0,0,0,0,0,0,0
"DUP_29584",0,0,0,0,0,0,0,0,0,0,0,0,0,0,0,0,0,2
"DUP_32618",0,0,0,0,0,0,0,0,1,0,1,0,0,0,0,0,0,0
"DUP_33145",0,0,0,0,0,0,0,0,0,0,0,0,0,0,0,1,1,0
"DUP_34008",0,0,0,0,0,0,0,0,0,0,0,0,0,0,0,0,1,1
"DUP_34033",0,0,0,0,0,0,0,0,0,0,0,0,0,0,0,0,2,0
"DUP_34233",1,0,1,0,0,0,0,0,0,0,0,0,0,0,0,0,0,0
"DUP_34336",0,0,0,0,0,0,0,0,0,0,0,0,0,2,0,0,0,0
"DUP_35296",0,0,0,0,0,1,0,0,1,0,0,0,0,0,0,0,0,0
"DUP_35579",0,0,0,0,0,1,0,0,0,0,0,0,1,0,0,0,0,0
"DUP_36241",0,0,0,0,0,0,0,0,0,0,0,0,0,0,0,0,2,0
"DUP_36472",0,0,0,0,0,0,0,0,0,0,0,0,2,0,0,0,0,0
"DUP_37205",0,0,0,1,0,0,0,0,0,0,0,0,1,0,0,0,0,0
"DUP_37296",0,0,0,0,0,0,0,2,0,0,0,0,0,0,0,0,0,0
"DUP_37325",0,0,0,1,0,0,0,0,0,0,0,0,0,0,0,0,1,0
"DUP_37410",0,0,0,0,0,0,0,0,0,0,0,0,0,0,0,0,0,2
"DUP_37521",0,0,0,0,0,0,0,0,0,0,0,0,0,0,0,2,0,0
"DUP_38138",0,0,0,0,2,0,0,0,0,0,0,0,0,0,0,0,0,0
"DUP_38741",0,0,0,2,0,0,0,0,0,0,0,0,0,0,0,0,0,0
"DUP_39686",0,0,0,0,0,0,0,0,0,0,0,0,0,0,0,0,0,2
"DUP_39859",0,0,0,0,0,0,0,0,2,0,0,0,0,0,0,0,0,0
"DUP_40033",0,0,0,0,0,0,0,0,1,0,0,0,0,0,0,0,1,0
"DUP_40206",0,0,0,1,0,1,0,0,0,0,0,0,0,0,0,0,0,0
"DUP_40485",0,0,0,0,0,0,0,0,0,0,0,0,0,0,0,0,2,0
"DUP_41069",0,0,0,2,0,0,0,0,0,0,0,0,0,0,0,0,0,0
"DUP_41380",0,0,0,0,0,0,0,0,0,1,0,1,0,0,0,0,0,0
"DUP_41647",0,0,0,0,0,0,0,0,0,0,2,0,0,0,0,0,0,0
"DUP_41793",0,0,0,1,0,0,0,0,0,0,0,0,1,0,0,0,0,0
"DUP_42175",0,0,0,0,2,0,0,0,0,0,0,0,0,0,0,0,0,0
"DUP_42258",0,0,0,0,0,0,1,0,1,0,0,0,0,0,0,0,0,0
"DUP_42436",0,0,0,0,0,0,0,0,0,0,0,0,0,2,0,0,0,0
"DUP_42816",0,0,0,0,0,0,2,0,0,0,0,0,0,0,0,0,0,0
"DUP_44205",0,0,0,0,0,1,0,0,0,0,0,0,0,0,0,0,0,1
"DUP_44679",0,0,0,0,0,0,0,0,0,0,0,0,0,2,0,0,0,0
"DUP_45485",0,0,0,0,0,0,0,0,0,1,1,0,0,0,0,0,0,0
"DUP_47097",0,0,0,1,0,0,0,0,0,0,0,0,0,1,0,0,0,0
"DUP_48804",0,0,0,0,2,0,0,0,0,0,0,0,0,0,0,0,0,0
"DUP_49821",0,0,1,0,0,0,1,0,0,0,0,0,0,0,0,0,0,0
"DUP_50355",0,0,0,0,0,0,0,0,2,0,0,0,0,0,0,0,0,0
"DUP_51302",0,0,0,2,0,0,0,0,0,0,0,0,0,0,0,0,0,0
"DUP_53036",0,0,0,0,0,0,0,0,0,0,0,0,2,0,0,0,0,0
"DUP_53345",0,0,0,0,0,0,0,0,0,0,0,0,0,0,0,0,2,0
"DUP_54435",0,0,0,0,0,0,0,0,0,0,0,0,0,1,0,0,0,1
"DUP_55412",0,0,0,0,0,0,0,0,0,0,0,0,0,0,0,0,0,2
"DUP_55739",0,0,0,0,0,0,0,0,0,0,0,0,0,0,0,0,0,2
"DUP_56099",0,0,0,0,0,0,0,0,0,0,0,0,0,2,0,0,0,0
"DUP_60047",0,0,0,0,0,0,0,0,0,0,0,0,0,1,0,0,0,1
"DUP_61679",0,0,0,0,0,0,0,0,0,0,0,0,2,0,0,0,0,0
"DUP_63623",0,0,0,0,0,0,0,0,0,0,2,0,0,0,0,0,0,0
"DUP_66592",0,0,0,0,0,0,0,0,0,0,0,0,0,0,0,0,0,2
"DUP_77270",0,0,0,0,0,0,0,0,2,0,0,0,0,0,0,0,0,0
"DUP_79404",0,0,0,0,1,0,0,0,0,0,0,0,0,1,0,0,0,0
"DUP_80065",0,0,0,0,0,0,0,0,0,0,0,0,0,0,0,0,0,2
"DUP_81630",0,0,0,0,0,0,0,0,0,2,0,0,0,0,0,0,0,0
"DUP_81713",0,0,0,1,0,0,0,0,1,0,0,0,0,0,0,0,0,0
"DUP_86544",0,0,0,0,0,0,0,0,0,0,0,0,0,0,0,0,2,0
"DUP_96000",0,0,0,0,0,0,0,0,2,0,0,0,0,0,0,0,0,0
"DUP_101639",1,0,0,0,0,0,0,0,1,0,0,0,0,0,0,0,0,0
"DUP_103031",0,0,0,0,0,0,0,0,2,0,0,0,0,0,0,0,0,0
"DUP_104660",0,0,0,0,0,0,0,0,0,2,0,0,0,0,0,0,0,0
"DUP_112871",0,0,0,0,0,0,0,0,0,0,0,0,0,0,2,0,0,0
"DUP_133002",0,0,0,0,0,0,0,0,0,0,0,0,2,0,0,0,0,0
"DUP_151295",0,0,1,0,0,0,0,0,1,0,0,0,0,0,0,0,0,0
"DUP_172065",0,0,0,0,0,0,0,0,2,0,0,0,0,0,0,0,0,0
"DUP_206847",0,0,0,0,0,0,0,2,0,0,0,0,0,0,0,0,0,0
"DUP_403259",0,0,0,0,0,0,2,0,0,0,0,0,0,0,0,0,0,0
"DUP_58",0,0,0,0,0,0,0,0,0,0,1,0,0,0,0,0,0,0
"DUP_241",0,0,0,0,0,0,0,0,0,0,0,1,0,0,0,0,0,0
"DUP_326",0,0,0,0,0,0,0,0,0,0,0,1,0,0,0,0,0,0
"DUP_337",0,0,0,0,0,0,0,0,0,0,1,0,0,0,0,0,0,0
"DUP_861",0,0,0,0,0,0,0,0,0,0,0,0,0,0,1,0,0,0
"DUP_1232",0,0,0,0,0,0,0,0,0,0,0,0,0,0,1,0,0,0
"DUP_2167",0,0,0,0,0,0,0,0,0,0,0,0,0,1,0,0,0,0
"DUP_2255",0,0,0,0,0,0,0,0,0,0,0,0,0,0,0,1,0,0
"DUP_2432",0,0,0,0,0,0,0,0,0,0,0,0,0,1,0,0,0,0
"DUP_2619",0,0,0,0,0,0,0,0,0,0,1,0,0,0,0,0,0,0
"DUP_2790",0,0,0,0,0,1,0,0,0,0,0,0,0,0,0,0,0,0
"DUP_4155",0,0,0,0,0,0,0,0,0,0,0,0,0,1,0,0,0,0
"DUP_4244",0,0,0,0,0,0,0,0,0,0,0,0,0,0,0,1,0,0
"DUP_4432",0,0,0,0,0,0,0,0,0,0,0,0,0,0,1,0,0,0
"DUP_4507",0,0,0,0,0,0,0,0,0,0,0,0,0,0,1,0,0,0
"DUP_4545",0,0,0,0,0,0,0,0,0,0,1,0,0,0,0,0,0,0
"DUP_4877",0,0,0,0,0,0,0,0,0,0,0,0,0,0,1,0,0,0
"DUP_4990",0,0,0,0,0,0,0,0,0,0,0,1,0,0,0,0,0,0
"DUP_5667",0,0,0,0,0,0,0,0,0,1,0,0,0,0,0,0,0,0
"DUP_5689",0,0,0,0,0,0,0,0,0,1,0,0,0,0,0,0,0,0
"DUP_5876",0,0,0,0,0,0,0,0,0,0,0,0,0,0,0,1,0,0
"DUP_6117",0,0,0,0,0,0,0,0,0,0,0,0,0,0,1,0,0,0
"DUP_6250",0,0,0,0,0,0,0,0,1,0,0,0,0,0,0,0,0,0
"DUP_6360",0,0,0,0,0,0,0,0,0,0,0,0,0,1,0,0,0,0
"DUP_7258",0,0,0,0,0,0,0,0,0,1,0,0,0,0,0,0,0,0
"DUP_7485",0,0,0,1,0,0,0,0,0,0,0,0,0,0,0,0,0,0
"DUP_7568",0,0,0,0,0,0,0,0,0,0,0,0,1,0,0,0,0,0
"DUP_7791",0,0,0,0,0,0,0,0,0,0,0,0,0,1,0,0,0,0
"DUP_8357",0,0,1,0,0,0,0,0,0,0,0,0,0,0,0,0,0,0
"DUP_8394",0,0,0,0,0,0,0,0,0,0,0,0,0,1,0,0,0,0
"DUP_8701",0,0,0,0,0,0,0,0,0,0,0,1,0,0,0,0,0,0
"DUP_9173",0,0,0,0,0,0,0,0,0,0,0,0,0,1,0,0,0,0
"DUP_9816",0,0,0,0,0,0,0,0,0,1,0,0,0,0,0,0,0,0
"DUP_9879",0,0,0,0,0,0,0,0,0,0,0,0,0,1,0,0,0,0
"DUP_11243",0,0,0,0,0,0,0,0,0,0,0,0,0,1,0,0,0,0
"DUP_11496",0,0,0,0,0,0,0,0,0,0,0,1,0,0,0,0,0,0
"DUP_11599",0,0,0,0,0,0,0,0,0,0,0,0,0,0,1,0,0,0
"DUP_11820",0,0,0,0,0,0,0,0,0,0,0,0,1,0,0,0,0,0
"DUP_12435",0,0,0,0,0,0,0,0,0,0,1,0,0,0,0,0,0,0
"DUP_12808",0,0,0,0,0,0,0,0,0,0,0,1,0,0,0,0,0,0
"DUP_12993",0,0,0,0,0,0,0,0,0,0,0,0,1,0,0,0,0,0
"DUP_12996",1,0,0,0,0,0,0,0,0,0,0,0,0,0,0,0,0,0
"DUP_13664",0,0,0,0,0,0,0,0,0,0,0,0,0,0,1,0,0,0
"DUP_13696",0,0,0,0,0,0,0,0,0,0,0,1,0,0,0,0,0,0
"DUP_13714",0,0,0,0,0,0,0,0,0,1,0,0,0,0,0,0,0,0
"DUP_13961",0,0,0,0,0,0,0,0,0,0,0,1,0,0,0,0,0,0
"DUP_14050",0,0,0,0,0,0,0,0,0,0,0,0,0,0,0,0,0,1
"DUP_14300",0,0,0,1,0,0,0,0,0,0,0,0,0,0,0,0,0,0
"DUP_14678",0,0,0,0,0,0,0,0,0,0,0,0,0,0,1,0,0,0
"DUP_15151",0,0,0,0,0,0,0,0,0,1,0,0,0,0,0,0,0,0
"DUP_15174",0,0,0,0,0,0,0,0,0,0,0,0,0,1,0,0,0,0
"DUP_15306",0,0,0,0,0,0,0,0,0,0,0,0,0,0,1,0,0,0
"DUP_15617",0,0,0,0,0,0,0,0,0,0,0,0,0,0,1,0,0,0
"DUP_15903",0,0,0,0,0,0,0,0,0,0,0,0,1,0,0,0,0,0
"DUP_15990",1,0,0,0,0,0,0,0,0,0,0,0,0,0,0,0,0,0
"DUP_16083",0,0,0,0,0,0,0,0,0,0,0,0,1,0,0,0,0,0
"DUP_16198",0,0,0,0,0,0,0,0,0,0,0,0,0,1,0,0,0,0
"DUP_16673",0,0,0,0,0,0,0,0,0,0,1,0,0,0,0,0,0,0
"DUP_17035",0,0,0,0,0,0,0,0,0,0,0,1,0,0,0,0,0,0
"DUP_17129",0,0,0,0,0,0,0,0,1,0,0,0,0,0,0,0,0,0
"DUP_17290",0,0,0,0,0,0,0,0,0,0,0,0,0,1,0,0,0,0
"DUP_17762",0,0,0,0,0,0,0,0,0,0,0,0,0,1,0,0,0,0
"DUP_18473",0,0,0,0,0,0,0,0,0,0,0,0,0,0,0,0,1,0
"DUP_18474",0,0,0,0,0,0,0,0,0,0,1,0,0,0,0,0,0,0
"DUP_18943",0,0,0,0,0,0,0,0,0,0,0,0,0,1,0,0,0,0
"DUP_19123",0,0,0,0,0,0,0,0,0,0,0,0,0,0,0,0,0,1
"DUP_19152",0,0,0,0,0,0,0,0,0,0,0,1,0,0,0,0,0,0
"DUP_19745",0,0,0,0,0,0,0,0,0,0,0,0,0,1,0,0,0,0
"DUP_20162",0,0,0,0,0,0,0,0,0,0,0,0,0,1,0,0,0,0
"DUP_20164",0,0,0,0,0,0,0,0,0,0,0,0,1,0,0,0,0,0
"DUP_20262",0,0,0,0,0,0,0,0,0,0,1,0,0,0,0,0,0,0
"DUP_20563",0,0,0,0,0,0,0,0,0,0,0,0,0,1,0,0,0,0
"DUP_20634",0,0,0,0,0,0,0,0,0,1,0,0,0,0,0,0,0,0
"DUP_22283",0,0,0,0,0,0,0,0,0,0,0,0,0,1,0,0,0,0
"DUP_23233",1,0,0,0,0,0,0,0,0,0,0,0,0,0,0,0,0,0
"DUP_23388",0,0,0,0,0,0,0,0,0,0,0,0,1,0,0,0,0,0
"DUP_23524",0,0,0,0,0,0,0,0,0,0,0,0,1,0,0,0,0,0
"DUP_23593",0,0,0,0,0,0,0,0,0,0,0,0,0,0,0,0,1,0
"DUP_23785",0,0,0,0,0,0,0,0,0,0,0,0,1,0,0,0,0,0
"DUP_23997",0,0,0,0,0,0,0,0,0,0,0,0,0,0,1,0,0,0
"DUP_24490",0,0,0,0,0,0,0,0,0,0,0,0,0,0,1,0,0,0
"DUP_24732",0,0,0,0,0,0,0,0,0,0,0,0,0,0,1,0,0,0
"DUP_25063",0,0,0,0,0,1,0,0,0,0,0,0,0,0,0,0,0,0
"DUP_25306",0,0,0,0,0,0,0,0,1,0,0,0,0,0,0,0,0,0
"DUP_25489",0,0,0,0,0,0,0,0,0,0,0,0,0,0,1,0,0,0
"DUP_26083",0,0,0,0,0,0,1,0,0,0,0,0,0,0,0,0,0,0
"DUP_26937",0,0,0,0,0,0,0,0,0,0,0,0,0,0,0,0,1,0
"DUP_27109",0,0,0,0,0,0,0,0,0,0,0,1,0,0,0,0,0,0
"DUP_27200",0,0,0,0,0,0,0,0,0,0,0,0,0,0,0,0,1,0
"DUP_27450",0,0,0,0,0,0,0,0,0,0,0,0,0,0,0,0,0,1
"DUP_27604",0,0,0,0,0,0,0,0,0,0,0,1,0,0,0,0,0,0
"DUP_27924",0,0,0,0,0,0,0,0,0,0,0,0,0,0,0,0,1,0
"DUP_28149",0,0,0,0,0,0,0,0,0,0,0,0,0,0,0,0,0,1
"DUP_28663",0,0,0,0,1,0,0,0,0,0,0,0,0,0,0,0,0,0
"DUP_29549",0,0,0,1,0,0,0,0,0,0,0,0,0,0,0,0,0,0
"DUP_29851",0,0,0,0,0,0,0,0,0,0,0,0,1,0,0,0,0,0
"DUP_31444",1,0,0,0,0,0,0,0,0,0,0,0,0,0,0,0,0,0
"DUP_32225",0,0,0,0,0,0,0,0,0,0,0,0,0,0,0,0,0,1
"DUP_32258",0,0,1,0,0,0,0,0,0,0,0,0,0,0,0,0,0,0
"DUP_32298",0,0,0,0,0,0,0,0,0,1,0,0,0,0,0,0,0,0
"DUP_32858",1,0,0,0,0,0,0,0,0,0,0,0,0,0,0,0,0,0
"DUP_33957",0,0,0,0,0,0,0,0,0,0,0,0,0,0,0,0,0,1
"DUP_34011",1,0,0,0,0,0,0,0,0,0,0,0,0,0,0,0,0,0
"DUP_34880",0,0,0,0,0,0,0,0,0,0,1,0,0,0,0,0,0,0
"DUP_35118",0,0,0,0,0,0,0,0,0,0,0,1,0,0,0,0,0,0
"DUP_35136",0,0,0,0,0,0,0,0,0,0,0,0,0,0,0,0,0,1
"DUP_35938",0,0,0,0,0,0,0,0,0,0,0,1,0,0,0,0,0,0
"DUP_36880",0,0,0,0,0,0,0,0,0,0,0,0,0,0,0,0,1,0
"DUP_38006",0,0,0,0,0,0,0,0,0,1,0,0,0,0,0,0,0,0
"DUP_38897",0,1,0,0,0,0,0,0,0,0,0,0,0,0,0,0,0,0
"DUP_39034",0,0,0,0,0,0,0,0,0,0,0,0,1,0,0,0,0,0
"DUP_39044",1,0,0,0,0,0,0,0,0,0,0,0,0,0,0,0,0,0
"DUP_39557",0,0,0,0,0,0,0,0,0,0,0,0,0,1,0,0,0,0
"DUP_39569",0,0,0,0,0,0,0,0,0,0,0,0,0,0,0,1,0,0
"DUP_39933",0,0,0,0,0,0,0,0,0,0,0,0,0,0,0,0,0,1
"DUP_40847",0,0,0,0,0,0,0,0,0,0,0,0,0,0,0,1,0,0
"DUP_41165",0,0,0,0,0,0,0,0,0,0,0,0,0,0,0,0,0,1
"DUP_41888",0,0,0,0,0,0,0,0,1,0,0,0,0,0,0,0,0,0
"DUP_42535",0,0,0,0,0,0,0,0,0,0,0,0,1,0,0,0,0,0
"DUP_42615",0,0,0,0,0,0,0,0,0,1,0,0,0,0,0,0,0,0
"DUP_42838",0,0,0,0,0,0,0,0,1,0,0,0,0,0,0,0,0,0
"DUP_43476",0,1,0,0,0,0,0,0,0,0,0,0,0,0,0,0,0,0
"DUP_43543",0,0,0,0,0,0,0,0,0,1,0,0,0,0,0,0,0,0
"DUP_47939",0,0,0,0,0,0,0,0,0,0,0,0,0,0,1,0,0,0
"DUP_47969",0,1,0,0,0,0,0,0,0,0,0,0,0,0,0,0,0,0
"DUP_48477",0,0,0,1,0,0,0,0,0,0,0,0,0,0,0,0,0,0
"DUP_50137",1,0,0,0,0,0,0,0,0,0,0,0,0,0,0,0,0,0
"DUP_50349",0,0,0,0,0,0,0,1,0,0,0,0,0,0,0,0,0,0
"DUP_50353",0,0,0,0,0,0,0,0,1,0,0,0,0,0,0,0,0,0
"DUP_50409",0,1,0,0,0,0,0,0,0,0,0,0,0,0,0,0,0,0
"DUP_50487",0,0,0,0,0,0,0,0,0,0,1,0,0,0,0,0,0,0
"DUP_50827",0,0,0,0,0,1,0,0,0,0,0,0,0,0,0,0,0,0
"DUP_52478",0,0,0,0,0,0,0,0,0,0,0,0,0,0,0,0,1,0
"DUP_53608",0,0,0,0,0,0,0,0,1,0,0,0,0,0,0,0,0,0
"DUP_55226",0,0,0,0,0,0,0,0,0,0,0,0,1,0,0,0,0,0
"DUP_55858",0,0,0,1,0,0,0,0,0,0,0,0,0,0,0,0,0,0
"DUP_58043",0,0,1,0,0,0,0,0,0,0,0,0,0,0,0,0,0,0
"DUP_58072",0,0,0,0,0,0,0,0,0,1,0,0,0,0,0,0,0,0
"DUP_58074",0,0,0,0,0,0,0,0,0,0,0,0,0,0,0,0,0,1
"DUP_58075",0,0,0,0,0,0,0,0,0,0,0,0,0,0,1,0,0,0
"DUP_58123",0,0,0,0,0,0,0,0,1,0,0,0,0,0,0,0,0,0
"DUP_58616",0,0,0,0,0,0,0,0,0,0,0,0,0,0,0,0,0,1
"DUP_59546",0,0,0,0,0,0,0,0,0,0,0,0,0,0,0,0,0,1
"DUP_59590",0,0,0,0,0,0,0,0,0,0,0,0,0,0,0,1,0,0
"DUP_60449",0,0,0,0,0,0,0,0,0,0,0,0,0,1,0,0,0,0
"DUP_61237",0,0,1,0,0,0,0,0,0,0,0,0,0,0,0,0,0,0
"DUP_61472",0,0,0,0,0,0,0,0,0,0,1,0,0,0,0,0,0,0
"DUP_62401",0,0,0,0,0,0,0,0,0,0,0,0,0,0,1,0,0,0
"DUP_62886",0,0,0,0,0,0,0,0,0,0,0,0,0,1,0,0,0,0
"DUP_64454",0,0,0,0,0,0,0,0,0,0,0,0,0,1,0,0,0,0
"DUP_66091",0,0,0,0,0,0,0,0,0,0,0,1,0,0,0,0,0,0
"DUP_66264",0,0,0,0,0,0,0,0,0,0,0,0,0,0,1,0,0,0
"DUP_66522",0,0,1,0,0,0,0,0,0,0,0,0,0,0,0,0,0,0
"DUP_67006",0,0,0,0,0,0,0,0,0,0,1,0,0,0,0,0,0,0
"DUP_67298",0,0,0,0,0,0,0,0,1,0,0,0,0,0,0,0,0,0
"DUP_68196",0,0,0,0,0,0,0,0,0,0,0,0,0,0,0,1,0,0
"DUP_68302",0,0,0,0,0,0,0,0,0,0,0,0,0,0,0,0,0,1
"DUP_69104",0,0,0,0,0,0,0,0,1,0,0,0,0,0,0,0,0,0
"DUP_70334",0,0,0,0,0,0,0,0,0,0,1,0,0,0,0,0,0,0
"DUP_70880",0,0,0,0,0,0,0,0,0,1,0,0,0,0,0,0,0,0
"DUP_70977",0,0,0,0,0,0,0,0,0,1,0,0,0,0,0,0,0,0
"DUP_72317",0,0,0,0,0,0,0,0,1,0,0,0,0,0,0,0,0,0
"DUP_72474",0,0,0,0,0,0,0,0,0,0,0,0,1,0,0,0,0,0
"DUP_72778",0,0,0,1,0,0,0,0,0,0,0,0,0,0,0,0,0,0
"DUP_73636",0,0,0,0,0,0,0,0,1,0,0,0,0,0,0,0,0,0
"DUP_73748",0,0,0,0,0,0,0,0,0,0,0,0,0,1,0,0,0,0
"DUP_74447",0,0,0,0,0,0,0,0,0,0,0,0,0,0,0,0,1,0
"DUP_75707",0,0,0,1,0,0,0,0,0,0,0,0,0,0,0,0,0,0
"DUP_84636",0,0,0,0,0,0,0,0,1,0,0,0,0,0,0,0,0,0
"DUP_86041",0,0,0,0,1,0,0,0,0,0,0,0,0,0,0,0,0,0
"DUP_86468",0,0,0,0,0,0,0,0,0,1,0,0,0,0,0,0,0,0
"DUP_86528",0,0,0,0,0,0,0,0,0,0,0,0,0,0,0,1,0,0
"DUP_87798",0,0,0,0,0,1,0,0,0,0,0,0,0,0,0,0,0,0
"DUP_92049",1,0,0,0,0,0,0,0,0,0,0,0,0,0,0,0,0,0
"DUP_95247",0,0,0,0,0,0,0,0,0,0,1,0,0,0,0,0,0,0
"DUP_95932",0,0,0,0,0,0,0,0,0,0,0,1,0,0,0,0,0,0
"DUP_95949",0,0,0,0,0,0,0,0,0,0,0,0,0,0,0,1,0,0
"DUP_100693",0,0,0,0,0,0,0,0,0,1,0,0,0,0,0,0,0,0
"DUP_101142",0,0,0,0,0,0,0,0,0,0,0,0,0,1,0,0,0,0
"DUP_103530",0,0,0,0,0,0,0,0,0,0,0,0,0,0,0,0,0,1
"DUP_105837",0,0,0,0,0,0,0,0,0,0,0,1,0,0,0,0,0,0
"DUP_105960",0,0,0,0,0,0,1,0,0,0,0,0,0,0,0,0,0,0
"DUP_110647",0,0,0,0,1,0,0,0,0,0,0,0,0,0,0,0,0,0
"DUP_117577",0,0,0,0,0,0,0,0,0,0,1,0,0,0,0,0,0,0
"DUP_118739",0,0,0,0,0,0,0,0,1,0,0,0,0,0,0,0,0,0
"DUP_119469",0,0,0,0,0,0,0,0,1,0,0,0,0,0,0,0,0,0
"DUP_120965",0,0,0,0,0,0,0,0,1,0,0,0,0,0,0,0,0,0
"DUP_122488",0,0,0,1,0,0,0,0,0,0,0,0,0,0,0,0,0,0
"DUP_122969",0,0,1,0,0,0,0,0,0,0,0,0,0,0,0,0,0,0
"DUP_125571",0,0,0,0,0,0,0,0,0,0,0,0,0,0,0,0,0,1
"DUP_126131",0,0,0,0,1,0,0,0,0,0,0,0,0,0,0,0,0,0
"DUP_127304",0,0,0,0,0,0,0,0,0,0,0,0,0,0,0,0,1,0
"DUP_127903",0,0,0,1,0,0,0,0,0,0,0,0,0,0,0,0,0,0
"DUP_129070",0,0,0,0,0,0,0,0,0,0,0,0,0,0,0,0,0,1
"DUP_129380",0,0,0,0,0,0,0,0,0,0,1,0,0,0,0,0,0,0
"DUP_129385",0,0,0,0,0,0,0,0,0,0,0,0,0,0,1,0,0,0
"DUP_132930",0,0,0,0,0,0,0,0,1,0,0,0,0,0,0,0,0,0
"DUP_132944",0,0,0,0,0,0,0,0,1,0,0,0,0,0,0,0,0,0
"DUP_133741",0,0,0,0,0,0,0,0,0,0,0,0,0,0,0,0,0,1
"DUP_134107",0,0,0,0,0,0,0,0,0,0,0,0,0,0,0,0,0,1
"DUP_134708",0,0,0,0,0,0,0,0,0,0,0,0,0,0,0,0,1,0
"DUP_138184",0,0,0,1,0,0,0,0,0,0,0,0,0,0,0,0,0,0
"DUP_138253",0,0,0,0,0,0,0,0,0,0,0,0,0,0,0,0,0,1
"DUP_138254",0,0,0,0,0,0,0,0,0,0,0,0,0,0,0,0,1,0
"DUP_138741",0,0,0,0,0,0,0,0,0,0,1,0,0,0,0,0,0,0
"DUP_140690",0,1,0,0,0,0,0,0,0,0,0,0,0,0,0,0,0,0
"DUP_142465",0,0,0,0,0,0,0,0,0,1,0,0,0,0,0,0,0,0
"DUP_144181",0,0,0,0,0,1,0,0,0,0,0,0,0,0,0,0,0,0
"DUP_145934",0,1,0,0,0,0,0,0,0,0,0,0,0,0,0,0,0,0
"DUP_146274",0,0,0,0,0,0,0,0,0,0,0,0,0,0,1,0,0,0
"DUP_147236",0,0,0,0,0,0,0,0,0,0,0,0,0,1,0,0,0,0
"DUP_149177",0,0,0,0,0,0,0,0,0,0,0,0,0,0,0,0,0,1
"DUP_158228",0,0,0,0,0,0,0,0,0,0,0,0,0,1,0,0,0,0
"DUP_167492",0,0,0,0,0,0,0,0,1,0,0,0,0,0,0,0,0,0
"DUP_178475",0,0,0,0,0,0,0,0,0,0,0,0,0,0,0,0,1,0
"DUP_182635",0,0,0,0,0,0,0,0,0,0,0,0,1,0,0,0,0,0
"DUP_185612",0,0,0,0,0,0,0,0,0,0,0,0,0,1,0,0,0,0
"DUP_192417",0,0,0,0,0,0,0,0,0,0,0,0,1,0,0,0,0,0
"DUP_196127",0,0,0,0,0,0,0,0,0,0,0,0,0,0,0,0,0,1
"DUP_199841",0,0,0,0,0,0,0,0,1,0,0,0,0,0,0,0,0,0
"DUP_200670",0,0,0,1,0,0,0,0,0,0,0,0,0,0,0,0,0,0
"DUP_203276",0,0,0,0,0,0,0,0,0,0,0,0,0,0,0,0,0,1
"DUP_203755",0,0,0,0,1,0,0,0,0,0,0,0,0,0,0,0,0,0
"DUP_204925",0,0,0,0,0,0,0,1,0,0,0,0,0,0,0,0,0,0
"DUP_210962",0,1,0,0,0,0,0,0,0,0,0,0,0,0,0,0,0,0
"DUP_214005",0,0,0,0,0,0,0,0,0,0,0,0,0,0,1,0,0,0
"DUP_217623",0,0,0,0,0,0,0,0,0,1,0,0,0,0,0,0,0,0
"DUP_220589",1,0,0,0,0,0,0,0,0,0,0,0,0,0,0,0,0,0
"DUP_229805",0,0,0,0,0,0,0,0,0,0,1,0,0,0,0,0,0,0
"DUP_232232",0,0,0,0,0,0,0,0,0,0,0,0,1,0,0,0,0,0
"DUP_239900",0,0,0,0,0,0,0,0,1,0,0,0,0,0,0,0,0,0
"DUP_240471",0,0,0,0,0,0,0,0,1,0,0,0,0,0,0,0,0,0
"DUP_250925",0,0,0,0,0,0,0,0,0,1,0,0,0,0,0,0,0,0
"DUP_252149",0,0,0,0,0,0,0,0,0,0,0,0,0,0,0,0,1,0
"DUP_252584",0,0,0,0,0,0,0,0,0,0,0,0,0,0,0,0,0,1
"DUP_254128",0,0,0,0,0,0,0,0,1,0,0,0,0,0,0,0,0,0
"DUP_255151",0,0,0,0,0,0,0,0,0,0,0,0,1,0,0,0,0,0
"DUP_285162",0,0,0,1,0,0,0,0,0,0,0,0,0,0,0,0,0,0
"DUP_288042",0,0,0,0,1,0,0,0,0,0,0,0,0,0,0,0,0,0
"DUP_293371",0,0,0,0,0,0,0,0,1,0,0,0,0,0,0,0,0,0
"DUP_312051",0,0,0,0,0,0,0,0,1,0,0,0,0,0,0,0,0,0
"DUP_317580",0,0,0,0,0,0,0,0,0,0,0,0,0,0,0,0,0,1
"DUP_322731",0,0,0,0,0,0,0,1,0,0,0,0,0,0,0,0,0,0
"DUP_334422",0,0,0,0,0,0,0,0,1,0,0,0,0,0,0,0,0,0
"DUP_433981",0,0,0,0,0,0,0,0,0,0,0,0,0,0,0,1,0,0
